"Date","Price","Open","High","Low","Vol.","Change %"
"Apr 05, 2022","1,949.12","1,967.36","1,967.68","1,942.78","1.19B","-0.23%"
"Apr 04, 2022","1,953.63","1,946.55","1,953.83","1,941.96","1.05B","0.48%"
"Apr 01, 2022","1,944.27","1,933.04","1,947.90","1,921.15","1.19B","-0.11%"
"Mar 31, 2022","1,946.40","1,952.96","1,970.22","1,946.40","1.34B","-1.08%"
"Mar 30, 2022","1,967.60","1,980.01","1,982.59","1,949.87","1.40B","-1.21%"
"Mar 29, 2022","1,991.66","1,985.39","1,991.66","1,978.44","136.24K","0.93%"
"Mar 28, 2022","1,973.37","1,982.29","1,982.29","1,962.23","1.11B","-0.41%"
"Mar 25, 2022","1,981.47","1,993.51","1,994.32","1,972.60","1.19B","-0.00%"
"Mar 24, 2022","1,981.56","1,958.21","1,981.56","1,952.45","1.24B","0.14%"
"Mar 23, 2022","1,978.70","1,956.38","1,980.91","1,955.83","1.41B","2.33%"
"Mar 22, 2022","1,933.74","1,922.93","1,936.95","1,922.64","1.53B","1.28%"
"Mar 18, 2022","1,909.27","1,896.98","1,911.61","1,896.98","1.81B","0.54%"
"Mar 17, 2022","1,899.01","1,880.32","1,902.97","1,879.73","1.47B","2.47%"
"Mar 16, 2022","1,853.25","1,841.19","1,858.34","1,839.66","1.34B","1.46%"
"Mar 15, 2022","1,826.63","1,811.51","1,834.17","1,810.92","1.22B","0.79%"
"Mar 14, 2022","1,812.28","1,812.43","1,826.81","1,811.43","1.19B","0.71%"
"Mar 11, 2022","1,799.54","1,811.26","1,814.60","1,788.58","1.42B","-1.67%"
"Mar 10, 2022","1,830.03","1,786.75","1,831.02","1,786.37","1.50B","4.04%"
"Mar 09, 2022","1,758.89","1,766.43","1,782.98","1,755.14","1.50B","-0.06%"
"Mar 08, 2022","1,759.86","1,777.44","1,792.27","1,756.44","1.87B","-1.90%"
"Mar 07, 2022","1,794.03","1,822.00","1,822.54","1,781.23","1.75B","-2.76%"
"Mar 04, 2022","1,844.94","1,871.96","1,872.80","1,836.26","1.53B","-1.96%"
"Mar 03, 2022","1,881.80","1,880.65","1,889.19","1,876.62","1.23B","1.18%"
"Mar 02, 2022","1,859.94","1,875.11","1,876.33","1,857.97","1.43B","-1.96%"
"Mar 01, 2022","1,897.17","1,903.34","1,911.17","1,896.20","1.25B","0.54%"
"Feb 28, 2022","1,886.93","1,877.38","1,889.57","1,868.98","1.45B","0.57%"
"Feb 25, 2022","1,876.24","1,865.42","1,878.92","1,862.24","1.34B","1.00%"
"Feb 24, 2022","1,857.58","1,870.56","1,878.51","1,843.38","1.59B","-1.25%"
"Feb 22, 2022","1,881.08","1,883.33","1,891.51","1,869.25","1.14B","-1.55%"
"Feb 21, 2022","1,910.68","1,901.21","1,914.70","1,889.06","938.59M","-0.71%"
"Feb 18, 2022","1,924.31","1,909.90","1,929.55","1,905.52","1.13B","-0.36%"
"Feb 17, 2022","1,931.24","1,944.27","1,945.32","1,920.87","1.18B","-0.79%"
"Feb 16, 2022","1,946.63","1,941.68","1,948.19","1,938.32","1.16B","1.67%"
"Feb 15, 2022","1,914.70","1,933.76","1,934.18","1,906.57","1.34B","-0.83%"
"Feb 14, 2022","1,930.65","1,938.03","1,940.63","1,914.34","1.38B","-1.63%"
"Feb 10, 2022","1,962.61","1,963.76","1,969.73","1,949.80","1.40B","0.53%"
"Feb 09, 2022","1,952.22","1,946.50","1,957.74","1,941.50","1.50B","0.94%"
"Feb 08, 2022","1,934.06","1,931.50","1,942.28","1,930.80","1.29B","0.42%"
"Feb 07, 2022","1,925.99","1,925.21","1,928.42","1,911.27","1.30B","-0.24%"
"Feb 04, 2022","1,930.56","1,916.26","1,932.45","1,907.19","1.36B","0.55%"
"Feb 03, 2022","1,919.92","1,925.27","1,929.19","1,917.31","1.29B","-0.86%"
"Feb 02, 2022","1,936.56","1,909.43","1,937.21","1,908.22","137.46K","2.14%"
"Feb 01, 2022","1,896.06","1,907.08","1,920.07","1,892.64","1.37B","0.01%"
"Jan 31, 2022","1,895.93","1,872.88","1,900.93","1,862.31","131.46K","1.01%"
"Jan 28, 2022","1,876.89","1,862.78","1,880.00","1,852.22","1.33B","1.87%"
"Jan 27, 2022","1,842.44","1,902.24","1,906.22","1,835.26","1.55B","-2.61%"
"Jan 26, 2022","1,891.85","1,900.37","1,905.95","1,885.68","1.03B","-0.25%"
"Jan 25, 2022","1,896.62","1,919.53","1,920.38","1,881.89","1.32B","-1.72%"
"Jan 24, 2022","1,929.87","1,911.24","1,933.43","1,903.75","1.08B","0.14%"
"Jan 21, 2022","1,927.18","1,917.16","1,930.66","1,899.88","1.24B","-0.59%"
"Jan 20, 2022","1,938.53","1,916.58","1,945.60","1,908.07","1.28B","0.98%"
"Jan 19, 2022","1,919.72","1,954.10","1,958.20","1,913.47","1.51B","-2.97%"
"Jan 18, 2022","1,978.38","1,995.29","2,003.69","1,969.70","1.23B","-0.42%"
"Jan 17, 2022","1,986.71","1,987.32","2,000.16","1,983.71","995.87M","0.46%"
"Jan 14, 2022","1,977.66","1,992.88","1,993.62","1,962.03","1.41B","-1.39%"
"Jan 13, 2022","2,005.58","2,014.02","2,014.35","2,004.90","1.16B","-0.68%"
"Jan 12, 2022","2,019.36","1,999.82","2,021.09","1,998.52","1.20B","1.64%"
"Jan 11, 2022","1,986.82","1,993.61","1,996.05","1,972.13","1.25B","-0.44%"
"Jan 07, 2022","1,995.68","2,009.30","2,017.10","1,981.52","1.29B","-0.07%"
"Jan 06, 2022","1,997.01","2,028.22","2,030.63","1,997.01","1.21B","-2.07%"
"Jan 05, 2022","2,039.27","2,038.79","2,042.00","2,033.28","1.26B","0.45%"
"Jan 04, 2022","2,030.22","2,015.61","2,031.65","2,005.45","1.11B","1.90%"
"Dec 30, 2021","1,992.33","1,991.58","2,000.77","1,980.19","729.84M","-0.33%"
"Dec 29, 2021","1,998.99","2,001.14","2,008.24","1,991.63","852.58M","-0.30%"
"Dec 28, 2021","2,005.02","1,995.13","2,005.05","1,991.33","952.49M","1.37%"
"Dec 27, 2021","1,977.90","1,986.64","1,988.35","1,976.38","777.48M","-0.45%"
"Dec 24, 2021","1,986.78","1,993.29","1,996.20","1,985.15","746.72M","-0.13%"
"Dec 23, 2021","1,989.43","1,980.88","1,989.43","1,978.13","813.50M","0.91%"
"Dec 22, 2021","1,971.51","1,976.82","1,979.55","1,966.43","874.92M","0.09%"
"Dec 21, 2021","1,969.79","1,965.40","1,976.75","1,957.00","101.57K","1.47%"
"Dec 20, 2021","1,941.33","1,967.28","1,970.26","1,940.27","1.14B","-2.17%"
"Dec 17, 2021","1,984.47","2,004.13","2,009.45","1,980.21","1.44B","-1.42%"
"Dec 16, 2021","2,013.08","2,006.55","2,014.43","1,999.73","1.05B","1.46%"
"Dec 15, 2021","1,984.10","1,971.25","1,988.74","1,971.25","990.23M","0.52%"
"Dec 14, 2021","1,973.81","1,976.67","1,985.19","1,966.85","98.59K","-0.22%"
"Dec 13, 2021","1,978.13","1,991.47","1,993.44","1,976.82","955.79M","0.13%"
"Dec 10, 2021","1,975.48","1,986.57","1,993.27","1,973.06","1.11B","-0.77%"
"Dec 09, 2021","1,990.79","2,001.06","2,005.53","1,990.79","984.72M","-0.57%"
"Dec 08, 2021","2,002.24","2,006.18","2,008.64","1,994.51","1.22B","0.62%"
"Dec 07, 2021","1,989.85","1,962.09","1,995.22","1,952.63","1.29B","2.17%"
"Dec 06, 2021","1,947.54","1,961.38","1,963.24","1,941.89","1.09B","-0.53%"
"Dec 03, 2021","1,957.86","1,935.00","1,957.86","1,927.36","1.23B","1.63%"
"Dec 02, 2021","1,926.37","1,924.34","1,939.91","1,921.44","1.35B","-0.54%"
"Dec 01, 2021","1,936.74","1,930.88","1,946.01","1,914.93","1.44B","0.44%"
"Nov 30, 2021","1,928.35","1,969.75","1,978.44","1,928.35","2.55B","-1.03%"
"Nov 29, 2021","1,948.48","1,954.99","1,978.82","1,944.95","1.53B","-1.84%"
"Nov 26, 2021","1,984.98","2,015.55","2,015.77","1,976.72","1.30B","-2.01%"
"Nov 25, 2021","2,025.69","2,027.13","2,031.96","2,024.79","959.84M","0.33%"
"Nov 24, 2021","2,019.12","2,039.46","2,047.62","2,015.23","1.22B","-1.16%"
"Nov 22, 2021","2,042.82","2,036.28","2,044.99","2,029.69","1.07B","-0.08%"
"Nov 19, 2021","2,044.53","2,034.87","2,046.12","2,033.49","1.20B","0.44%"
"Nov 18, 2021","2,035.52","2,032.97","2,044.82","2,024.38","1.22B","-0.14%"
"Nov 17, 2021","2,038.34","2,055.57","2,055.80","2,037.61","1.17B","-0.61%"
"Nov 16, 2021","2,050.83","2,050.24","2,062.81","2,046.87","1.19B","0.11%"
"Nov 15, 2021","2,048.52","2,052.72","2,057.89","2,045.25","1.16B","0.39%"
"Nov 12, 2021","2,040.60","2,023.97","2,046.03","2,023.97","1.32B","1.31%"
"Nov 11, 2021","2,014.30","2,006.60","2,019.42","2,004.89","1.19B","0.32%"
"Nov 10, 2021","2,007.96","2,017.67","2,021.61","2,006.50","1.15B","-0.54%"
"Nov 09, 2021","2,018.77","2,040.85","2,048.72","2,018.33","119.96K","-0.81%"
"Nov 08, 2021","2,035.22","2,048.99","2,049.18","2,034.80","1.23B","-0.30%"
"Nov 05, 2021","2,041.42","2,053.32","2,053.32","2,033.33","1.27B","-0.69%"
"Nov 04, 2021","2,055.56","2,049.41","2,055.56","2,043.92","1.48B","1.18%"
"Nov 02, 2021","2,031.67","2,036.20","2,041.79","2,028.27","1.18B","-0.64%"
"Nov 01, 2021","2,044.72","2,027.27","2,044.81","2,022.50","1.29B","2.18%"
"Oct 29, 2021","2,001.18","1,999.88","2,005.23","1,979.93","1.56B","0.08%"
"Oct 28, 2021","1,999.66","2,001.35","2,006.08","1,987.88","2.21B","-0.70%"
"Oct 27, 2021","2,013.81","2,016.71","2,020.43","2,005.35","1.14B","-0.23%"
"Oct 26, 2021","2,018.40","2,013.73","2,023.86","2,009.25","1.14B","1.15%"
"Oct 25, 2021","1,995.42","1,989.45","2,004.07","1,989.07","1.05B","-0.34%"
"Oct 22, 2021","2,002.23","1,992.02","2,012.92","1,989.62","1.05B","0.07%"
"Oct 21, 2021","2,000.81","2,022.97","2,025.90","2,000.67","1.04B","-1.32%"
"Oct 20, 2021","2,027.67","2,037.18","2,041.71","2,026.16","1.12B","0.05%"
"Oct 19, 2021","2,026.57","2,023.20","2,029.40","2,018.10","992.79M","0.36%"
"Oct 18, 2021","2,019.23","2,028.43","2,028.64","2,014.48","1.08B","-0.23%"
"Oct 15, 2021","2,023.93","2,005.45","2,024.22","2,001.89","1.14B","1.86%"
"Oct 14, 2021","1,986.97","1,974.37","1,987.12","1,972.17","1.15B","0.67%"
"Oct 13, 2021","1,973.83","1,978.18","1,988.18","1,971.96","1.11B","-0.45%"
"Oct 12, 2021","1,982.68","1,993.69","1,995.09","1,979.58","1.13B","-0.70%"
"Oct 11, 2021","1,996.58","1,963.37","1,996.58","1,960.57","1.19B","1.77%"
"Oct 08, 2021","1,961.85","1,964.16","1,978.43","1,961.85","1.36B","1.15%"
"Oct 07, 2021","1,939.62","1,947.07","1,958.83","1,937.33","1.33B","-0.12%"
"Oct 06, 2021","1,941.91","1,962.20","1,978.19","1,927.66","1.67B","-0.30%"
"Oct 05, 2021","1,947.75","1,954.33","1,958.36","1,928.45","1.51B","-1.33%"
"Oct 04, 2021","1,973.92","2,006.67","2,006.97","1,966.97","1.32B","-0.62%"
"Oct 01, 2021","1,986.31","2,010.40","2,020.57","1,982.20","1.38B","-2.16%"
"Sep 30, 2021","2,030.16","2,040.00","2,041.82","2,023.60","1.55B","-0.40%"
"Sep 29, 2021","2,038.29","2,040.91","2,043.85","2,019.89","160.26K","-2.09%"
"Sep 28, 2021","2,081.77","2,083.25","2,083.95","2,062.95","150.68K","-0.29%"
"Sep 27, 2021","2,087.74","2,097.34","2,105.37","2,086.31","1.29B","-0.14%"
"Sep 24, 2021","2,090.75","2,076.39","2,091.50","2,075.07","1.43B","2.31%"
"Sep 22, 2021","2,043.55","2,057.78","2,060.97","2,043.55","120.36K","-1.02%"
"Sep 21, 2021","2,064.55","2,065.03","2,073.87","2,052.31","1.32B","-1.70%"
"Sep 17, 2021","2,100.17","2,090.31","2,102.93","2,085.57","1.60B","0.48%"
"Sep 16, 2021","2,090.16","2,101.79","2,103.29","2,080.94","1.26B","-0.30%"
"Sep 15, 2021","2,096.39","2,101.38","2,103.57","2,088.92","1.21B","-1.06%"
"Sep 14, 2021","2,118.87","2,105.79","2,120.18","2,103.02","1.34B","1.01%"
"Sep 13, 2021","2,097.71","2,084.71","2,097.71","2,079.87","1.14B","0.29%"
"Sep 10, 2021","2,091.65","2,066.88","2,091.65","2,066.88","1.49B","1.29%"
"Sep 09, 2021","2,064.93","2,065.58","2,075.28","2,060.43","1.26B","-0.71%"
"Sep 08, 2021","2,079.61","2,058.69","2,079.61","2,057.58","1.32B","0.79%"
"Sep 07, 2021","2,063.38","2,056.45","2,071.28","2,054.44","1.26B","1.09%"
"Sep 06, 2021","2,041.22","2,034.22","2,042.82","2,033.25","1.18B","1.28%"
"Sep 03, 2021","2,015.45","1,988.58","2,018.57","1,987.48","1.24B","1.61%"
"Sep 02, 2021","1,983.57","1,981.53","1,987.45","1,973.66","1.06B","0.14%"
"Sep 01, 2021","1,980.79","1,965.74","1,982.49","1,965.54","1.08B","1.02%"
"Aug 31, 2021","1,960.70","1,943.43","1,968.63","1,937.84","1.24B","0.54%"
"Aug 30, 2021","1,950.14","1,943.51","1,950.14","1,937.66","1.02B","1.11%"
"Aug 27, 2021","1,928.77","1,926.08","1,930.12","1,919.50","869.85M","-0.34%"
"Aug 26, 2021","1,935.35","1,939.42","1,940.45","1,930.85","860.75M","-0.02%"
"Aug 25, 2021","1,935.66","1,937.92","1,946.92","1,933.80","912.54M","0.08%"
"Aug 24, 2021","1,934.20","1,925.21","1,938.06","1,925.21","959.42M","1.00%"
"Aug 23, 2021","1,915.14","1,897.91","1,918.57","1,897.91","944.16M","1.83%"
"Aug 20, 2021","1,880.68","1,893.30","1,903.54","1,877.38","1.23B","-0.87%"
"Aug 19, 2021","1,897.19","1,911.33","1,915.11","1,896.68","1.08B","-1.39%"
"Aug 18, 2021","1,923.97","1,915.91","1,931.37","1,910.86","946.54M","0.44%"
"Aug 17, 2021","1,915.63","1,932.37","1,935.83","1,915.63","954.19M","-0.49%"
"Aug 16, 2021","1,924.98","1,945.86","1,948.08","1,921.07","1.04B","-1.61%"
"Aug 13, 2021","1,956.39","1,955.83","1,960.41","1,953.44","992.10M","0.15%"
"Aug 12, 2021","1,953.55","1,962.84","1,970.38","1,952.63","1.04B","-0.03%"
"Aug 11, 2021","1,954.08","1,947.28","1,956.20","1,946.32","1.16B","0.92%"
"Aug 10, 2021","1,936.28","1,933.69","1,950.63","1,932.10","1.09B","0.36%"
"Aug 06, 2021","1,929.34","1,927.63","1,932.47","1,923.43","991.69M","0.02%"
"Aug 05, 2021","1,928.98","1,917.66","1,928.98","1,917.66","955.27M","0.39%"
"Aug 04, 2021","1,921.43","1,928.74","1,930.58","1,918.61","107.40K","-0.50%"
"Aug 03, 2021","1,931.14","1,928.58","1,936.38","1,922.53","971.87M","-0.46%"
"Aug 02, 2021","1,940.05","1,917.65","1,942.08","1,917.61","1.06B","2.05%"
"Jul 30, 2021","1,901.08","1,922.19","1,924.62","1,900.86","1.24B","-1.37%"
"Jul 29, 2021","1,927.43","1,928.19","1,931.49","1,921.73","1.17B","0.41%"
"Jul 28, 2021","1,919.65","1,922.18","1,931.96","1,913.42","1.04B","-0.95%"
"Jul 27, 2021","1,938.04","1,934.18","1,940.91","1,932.03","938.97M","0.64%"
"Jul 26, 2021","1,925.62","1,933.90","1,937.57","1,922.28","96.68K","1.11%"
"Jul 21, 2021","1,904.41","1,913.33","1,924.64","1,899.84","937.25M","0.82%"
"Jul 20, 2021","1,888.89","1,886.42","1,899.00","1,883.86","1.09B","-0.96%"
"Jul 19, 2021","1,907.13","1,912.85","1,917.91","1,900.00","951.63M","-1.30%"
"Jul 16, 2021","1,932.19","1,930.11","1,942.69","1,925.74","935.58M","-0.38%"
"Jul 15, 2021","1,939.61","1,958.67","1,960.62","1,937.73","971.17M","-1.20%"
"Jul 14, 2021","1,963.16","1,955.33","1,970.01","1,954.99","981.18M","-0.23%"
"Jul 13, 2021","1,967.64","1,964.17","1,973.35","1,962.82","957.52M","0.73%"
"Jul 12, 2021","1,953.33","1,943.33","1,955.54","1,942.71","1.04B","2.14%"
"Jul 09, 2021","1,912.38","1,897.80","1,916.55","1,881.01","1.43B","-0.41%"
"Jul 08, 2021","1,920.32","1,934.68","1,937.37","1,920.32","1.14B","-0.90%"
"Jul 07, 2021","1,937.68","1,933.31","1,944.46","1,926.61","1.07B","-0.86%"
"Jul 06, 2021","1,954.50","1,955.39","1,960.21","1,948.84","794.25M","0.28%"
"Jul 05, 2021","1,948.99","1,950.19","1,952.20","1,943.90","774.29M","-0.37%"
"Jul 02, 2021","1,956.31","1,945.23","1,958.47","1,943.99","904.55M","0.88%"
"Jul 01, 2021","1,939.21","1,949.20","1,949.31","1,934.26","833.23M","-0.22%"
"Jun 30, 2021","1,943.57","1,956.36","1,960.37","1,943.57","96.34K","-0.30%"
"Jun 29, 2021","1,949.48","1,952.43","1,953.95","1,942.72","1.03B","-0.82%"
"Jun 28, 2021","1,965.67","1,969.23","1,969.67","1,961.53","870.73M","0.15%"
"Jun 25, 2021","1,962.65","1,963.85","1,965.32","1,955.17","904.26M","0.80%"
"Jun 24, 2021","1,947.10","1,944.88","1,950.72","1,940.93","842.48M","-0.10%"
"Jun 23, 2021","1,949.14","1,954.88","1,962.35","1,949.14","944.36M","-0.53%"
"Jun 22, 2021","1,959.53","1,932.73","1,959.84","1,930.99","1.17B","3.16%"
"Jun 21, 2021","1,899.45","1,917.07","1,918.67","1,890.15","1.30B","-2.42%"
"Jun 18, 2021","1,946.56","1,963.28","1,963.28","1,945.86","1.51B","-0.87%"
"Jun 17, 2021","1,963.57","1,971.93","1,975.71","1,959.28","997.59M","-0.62%"
"Jun 16, 2021","1,975.86","1,972.44","1,983.13","1,971.27","1.03B","0.02%"
"Jun 15, 2021","1,975.48","1,963.74","1,976.50","1,961.28","972.79M","0.80%"
"Jun 14, 2021","1,959.75","1,966.13","1,969.46","1,955.24","854.23M","0.29%"
"Jun 11, 2021","1,954.02","1,957.36","1,959.71","1,944.66","1.22B","-0.14%"
"Jun 10, 2021","1,956.73","1,951.56","1,962.31","1,948.84","1.03B","-0.02%"
"Jun 09, 2021","1,957.14","1,960.58","1,963.69","1,955.89","994.45M","-0.28%"
"Jun 08, 2021","1,962.65","1,958.96","1,968.66","1,956.45","928.66M","0.09%"
"Jun 07, 2021","1,960.85","1,969.62","1,970.72","1,956.58","945.92M","0.08%"
"Jun 04, 2021","1,959.19","1,953.42","1,960.17","1,946.48","1.06B","0.03%"
"Jun 03, 2021","1,958.70","1,942.79","1,966.09","1,942.79","1.09B","0.84%"
"Jun 02, 2021","1,942.33","1,930.06","1,946.67","1,916.84","1.25B","0.84%"
"Jun 01, 2021","1,926.18","1,930.74","1,933.59","1,912.61","907.47M","0.17%"
"May 31, 2021","1,922.98","1,940.13","1,944.94","1,919.78","1.02B","-1.26%"
"May 28, 2021","1,947.44","1,933.86","1,949.28","1,933.86","1.36B","1.91%"
"May 27, 2021","1,911.02","1,914.46","1,919.22","1,907.63","2.40B","-0.50%"
"May 26, 2021","1,920.67","1,911.37","1,925.40","1,910.14","109.66K","0.06%"
"May 25, 2021","1,919.52","1,920.50","1,921.40","1,913.63","992.96M","0.34%"
"May 24, 2021","1,913.04","1,903.60","1,920.50","1,903.60","99.38K","0.44%"
"May 21, 2021","1,904.69","1,899.67","1,910.04","1,897.86","1.04B","0.46%"
"May 20, 2021","1,895.92","1,888.11","1,901.65","1,885.95","994.65M","0.04%"
"May 19, 2021","1,895.24","1,888.26","1,903.12","1,883.78","1.16B","-0.66%"
"May 18, 2021","1,907.74","1,886.11","1,912.10","1,886.11","1.23B","1.54%"
"May 17, 2021","1,878.86","1,897.23","1,897.75","1,869.93","1.16B","-0.24%"
"May 14, 2021","1,883.42","1,869.35","1,889.92","1,866.71","1.27B","1.86%"
"May 13, 2021","1,849.04","1,865.35","1,870.96","1,845.72","1.41B","-1.54%"
"May 12, 2021","1,877.95","1,905.49","1,909.64","1,862.04","1.53B","-1.47%"
"May 11, 2021","1,905.92","1,938.45","1,942.43","1,901.97","1.29B","-2.37%"
"May 10, 2021","1,952.27","1,936.91","1,955.51","1,934.65","1.13B","0.99%"
"May 07, 2021","1,933.05","1,930.13","1,938.28","1,925.75","1.17B","0.29%"
"May 06, 2021","1,927.40","1,919.10","1,938.44","1,916.20","1.53B","1.54%"
"Apr 30, 2021","1,898.24","1,910.03","1,913.69","1,897.09","1.35B","-0.57%"
"Apr 28, 2021","1,909.06","1,903.85","1,915.09","1,900.62","123.71K","0.29%"
"Apr 27, 2021","1,903.55","1,917.48","1,918.22","1,903.55","1.16B","-0.76%"
"Apr 26, 2021","1,918.15","1,922.47","1,923.89","1,907.45","974.77M","0.17%"
"Apr 23, 2021","1,914.98","1,911.41","1,916.51","1,904.64","955.01M","-0.39%"
"Apr 22, 2021","1,922.50","1,911.91","1,923.18","1,905.67","1.08B","1.82%"
"Apr 21, 2021","1,888.18","1,897.91","1,899.91","1,879.68","1.26B","-1.98%"
"Apr 20, 2021","1,926.25","1,940.92","1,940.92","1,922.53","1.09B","-1.55%"
"Apr 19, 2021","1,956.56","1,960.81","1,965.49","1,953.98","918.23M","-0.22%"
"Apr 16, 2021","1,960.87","1,963.74","1,964.69","1,952.67","909.15M","0.09%"
"Apr 15, 2021","1,959.13","1,955.28","1,969.29","1,954.79","941.38M","0.36%"
"Apr 14, 2021","1,952.18","1,953.92","1,955.52","1,946.17","1.04B","-0.33%"
"Apr 13, 2021","1,958.55","1,957.91","1,971.78","1,955.89","1.02B","0.20%"
"Apr 12, 2021","1,954.59","1,967.30","1,968.62","1,954.59","954.29M","-0.25%"
"Apr 09, 2021","1,959.47","1,958.99","1,978.68","1,957.81","1.12B","0.39%"
"Apr 08, 2021","1,951.86","1,962.93","1,962.93","1,946.33","1.13B","-0.79%"
"Apr 07, 2021","1,967.43","1,961.03","1,970.36","1,950.48","1.08B","0.67%"
"Apr 06, 2021","1,954.34","1,989.09","1,989.09","1,951.64","1.14B","-1.47%"
"Apr 05, 2021","1,983.54","1,979.55","1,986.49","1,973.69","972.36M","0.60%"
"Apr 02, 2021","1,971.62","1,975.01","1,980.02","1,964.20","1.00B","0.71%"
"Apr 01, 2021","1,957.64","1,971.78","1,974.20","1,953.83","1.25B","0.19%"
"Mar 31, 2021","1,954.00","1,966.63","1,976.82","1,954.00","1.33B","-1.21%"
"Mar 30, 2021","1,977.86","1,980.42","1,982.95","1,967.13","1.34B","-0.78%"
"Mar 29, 2021","1,993.34","2,004.11","2,005.75","1,975.09","1.83B","0.46%"
"Mar 26, 2021","1,984.16","1,976.54","1,986.56","1,972.88","1.28B","1.46%"
"Mar 25, 2021","1,955.55","1,940.76","1,962.05","1,939.73","1.24B","1.40%"
"Mar 24, 2021","1,928.58","1,954.90","1,962.16","1,924.98","1.59B","-2.18%"
"Mar 23, 2021","1,971.48","2,000.26","2,002.74","1,971.48","1.37B","-0.94%"
"Mar 22, 2021","1,990.18","1,996.66","2,000.01","1,980.71","1.38B","-1.09%"
"Mar 19, 2021","2,012.21","1,994.79","2,013.71","1,994.43","2.10B","0.18%"
"Mar 18, 2021","2,008.51","1,995.48","2,011.58","1,992.54","1.60B","1.23%"
"Mar 17, 2021","1,984.03","1,972.43","1,984.03","1,971.36","1.25B","0.13%"
"Mar 16, 2021","1,981.50","1,967.62","1,981.50","1,967.52","1.42B","0.65%"
"Mar 15, 2021","1,968.73","1,958.68","1,968.73","1,953.66","1.54B","0.91%"
"Mar 12, 2021","1,951.06","1,929.33","1,951.06","1,922.54","1.58B","1.36%"
"Mar 11, 2021","1,924.92","1,921.06","1,927.40","1,916.24","1.38B","0.27%"
"Mar 10, 2021","1,919.74","1,918.16","1,922.87","1,912.97","1.39B","0.11%"
"Mar 09, 2021","1,917.68","1,902.89","1,918.25","1,893.71","1.62B","1.27%"
"Mar 08, 2021","1,893.58","1,916.33","1,919.62","1,885.49","1.51B","-0.14%"
"Mar 05, 2021","1,896.18","1,876.85","1,896.18","1,859.88","1.43B","0.61%"
"Mar 04, 2021","1,884.74","1,889.50","1,894.02","1,865.47","1.29B","-1.04%"
"Mar 03, 2021","1,904.54","1,899.55","1,905.41","1,890.86","1.21B","0.51%"
"Mar 02, 2021","1,894.85","1,915.17","1,915.17","1,883.31","1.29B","-0.40%"
"Mar 01, 2021","1,902.48","1,888.61","1,903.97","1,887.28","1.25B","2.04%"
"Feb 26, 2021","1,864.49","1,903.84","1,903.84","1,864.49","1.69B","-3.21%"
"Feb 25, 2021","1,926.23","1,927.11","1,931.27","1,922.45","1.46B","1.22%"
"Feb 24, 2021","1,903.07","1,934.48","1,934.51","1,903.07","1.57B","-1.82%"
"Feb 22, 2021","1,938.35","1,947.35","1,952.86","1,936.23","1.25B","0.49%"
"Feb 19, 2021","1,928.95","1,927.45","1,934.98","1,921.88","1.22B","-0.67%"
"Feb 18, 2021","1,941.91","1,962.03","1,967.26","1,937.63","1.58B","-1.00%"
"Feb 17, 2021","1,961.49","1,963.54","1,967.74","1,954.68","1.37B","-0.18%"
"Feb 16, 2021","1,965.08","1,959.80","1,974.99","1,955.76","1.41B","0.57%"
"Feb 15, 2021","1,953.94","1,945.77","1,956.60","1,942.54","1.28B","1.04%"
"Feb 12, 2021","1,933.88","1,936.64","1,937.74","1,927.62","1.34B","0.16%"
"Feb 10, 2021","1,930.82","1,921.26","1,934.75","1,919.14","1.32B","0.27%"
"Feb 09, 2021","1,925.54","1,926.54","1,931.29","1,915.95","1.47B","0.08%"
"Feb 08, 2021","1,923.95","1,898.37","1,924.42","1,898.32","1.59B","1.75%"
"Feb 05, 2021","1,890.95","1,880.70","1,892.05","1,876.26","1.54B","1.38%"
"Feb 04, 2021","1,865.12","1,870.12","1,877.34","1,861.64","1.34B","-0.32%"
"Feb 03, 2021","1,871.09","1,858.50","1,871.09","1,857.41","1.37B","1.30%"
"Feb 02, 2021","1,847.02","1,837.69","1,847.98","1,831.06","1.17B","0.94%"
"Feb 01, 2021","1,829.84","1,806.63","1,832.68","1,806.63","1.15B","1.16%"
"Jan 29, 2021","1,808.78","1,844.92","1,846.07","1,808.26","1.58B","-1.64%"
"Jan 28, 2021","1,838.85","1,829.27","1,846.34","1,820.79","2.14B","-1.14%"
"Jan 27, 2021","1,860.07","1,856.93","1,862.05","1,851.33","1.16B","0.65%"
"Jan 26, 2021","1,848.00","1,853.64","1,858.44","1,847.85","1.07B","-0.75%"
"Jan 25, 2021","1,862.00","1,862.88","1,863.22","1,854.02","1.02B","0.29%"
"Jan 22, 2021","1,856.64","1,848.79","1,859.38","1,848.40","1.22B","-0.21%"
"Jan 21, 2021","1,860.64","1,858.10","1,869.81","1,856.14","1.14B","0.60%"
"Jan 20, 2021","1,849.58","1,860.67","1,860.95","1,840.50","1.15B","-0.34%"
"Jan 19, 2021","1,855.84","1,850.45","1,860.69","1,848.15","1.01B","0.56%"
"Jan 18, 2021","1,845.49","1,844.09","1,851.97","1,839.68","908.54M","-0.60%"
"Jan 15, 2021","1,856.61","1,875.31","1,876.58","1,855.01","1.25B","-0.89%"
"Jan 14, 2021","1,873.28","1,860.32","1,885.93","1,859.28","1.41B","0.48%"
"Jan 13, 2021","1,864.40","1,852.93","1,867.23","1,852.15","1.24B","0.35%"
"Jan 12, 2021","1,857.94","1,847.64","1,860.71","1,842.16","133.55K","0.16%"
"Jan 08, 2021","1,854.94","1,832.68","1,854.94","1,829.05","1.39B","1.57%"
"Jan 07, 2021","1,826.30","1,816.26","1,837.50","1,816.26","1.51B","1.68%"
"Jan 06, 2021","1,796.18","1,790.86","1,802.98","1,789.68","1.18B","0.28%"
"Jan 05, 2021","1,791.22","1,788.63","1,797.12","1,784.80","989.53M","-0.19%"
"Jan 04, 2021","1,794.59","1,810.45","1,811.68","1,776.60","956.48M","-0.56%"
"Dec 30, 2020","1,804.68","1,812.31","1,816.14","1,801.17","878.19M","-0.80%"
"Dec 29, 2020","1,819.18","1,793.83","1,819.46","1,792.83","1.02B","1.74%"
"Dec 28, 2020","1,788.04","1,781.99","1,788.04","1,779.36","1.01B","0.54%"
"Dec 25, 2020","1,778.41","1,777.26","1,780.10","1,775.16","694.80M","0.23%"
"Dec 24, 2020","1,774.27","1,774.23","1,783.21","1,770.81","878.40M","0.51%"
"Dec 23, 2020","1,765.21","1,769.15","1,769.18","1,757.52","99.10K","0.23%"
"Dec 22, 2020","1,761.12","1,774.43","1,777.32","1,755.30","1.07B","-1.56%"
"Dec 21, 2020","1,789.05","1,798.16","1,804.22","1,779.10","1.04B","-0.23%"
"Dec 18, 2020","1,793.24","1,791.09","1,796.84","1,787.19","1.30B","0.04%"
"Dec 17, 2020","1,792.58","1,786.81","1,794.21","1,781.03","1.14B","0.32%"
"Dec 16, 2020","1,786.83","1,792.92","1,796.82","1,784.70","1.11B","0.27%"
"Dec 15, 2020","1,782.05","1,787.82","1,790.57","1,778.65","1.12B","-0.47%"
"Dec 14, 2020","1,790.52","1,785.07","1,804.84","1,784.99","1.15B","0.48%"
"Dec 11, 2020","1,782.01","1,779.01","1,784.81","1,771.42","1.28B","0.33%"
"Dec 10, 2020","1,776.21","1,775.45","1,780.63","1,771.87","1.18B","-0.18%"
"Dec 09, 2020","1,779.42","1,759.78","1,779.76","1,759.78","1.10B","1.17%"
"Dec 08, 2020","1,758.81","1,752.11","1,762.48","1,751.63","1.03B","-0.11%"
"Dec 07, 2020","1,760.75","1,785.83","1,785.83","1,759.16","1.17B","-0.86%"
"Dec 04, 2020","1,775.94","1,770.70","1,778.02","1,768.73","1.15B","0.04%"
"Dec 03, 2020","1,775.25","1,776.08","1,783.16","1,768.86","1.23B","0.07%"
"Dec 02, 2020","1,773.97","1,778.68","1,779.73","1,769.43","1.43B","0.32%"
"Dec 01, 2020","1,768.38","1,765.55","1,772.41","1,760.83","1.33B","0.77%"
"Nov 30, 2020","1,754.92","1,789.92","1,790.30","1,753.92","2.49B","-1.77%"
"Nov 27, 2020","1,786.52","1,780.62","1,792.97","1,775.83","1.53B","0.47%"
"Nov 26, 2020","1,778.25","1,760.86","1,779.81","1,759.56","1.16B","0.60%"
"Nov 25, 2020","1,767.67","1,781.12","1,790.17","1,765.10","1.55B","0.30%"
"Nov 24, 2020","1,762.40","1,754.39","1,769.63","1,754.20","1.40B","2.03%"
"Nov 20, 2020","1,727.39","1,721.39","1,727.39","1,717.16","1.09B","0.06%"
"Nov 19, 2020","1,726.41","1,716.21","1,726.41","1,710.47","1.37B","0.33%"
"Nov 18, 2020","1,720.65","1,726.93","1,727.74","1,715.49","1.19B","-0.81%"
"Nov 17, 2020","1,734.66","1,740.36","1,740.62","1,724.35","1.37B","0.16%"
"Nov 16, 2020","1,731.81","1,717.44","1,735.73","1,716.64","1.41B","1.68%"
"Nov 13, 2020","1,703.22","1,714.72","1,717.44","1,692.99","1.33B","-1.33%"
"Nov 12, 2020","1,726.23","1,727.80","1,735.32","1,714.58","1.35B","-0.16%"
"Nov 11, 2020","1,729.07","1,719.88","1,729.35","1,715.99","168.32K","1.66%"
"Nov 10, 2020","1,700.80","1,697.39","1,716.94","1,694.31","2.07B","1.12%"
"Nov 09, 2020","1,681.90","1,671.99","1,686.51","1,670.26","1.23B","1.41%"
"Nov 06, 2020","1,658.49","1,650.46","1,663.07","1,646.20","1.23B","0.52%"
"Nov 05, 2020","1,649.94","1,629.94","1,651.79","1,628.58","1.34B","1.39%"
"Nov 04, 2020","1,627.25","1,627.64","1,635.64","1,618.55","1.30B","1.20%"
"Nov 02, 2020","1,607.95","1,592.16","1,616.18","1,591.49","1.19B","1.81%"
"Oct 30, 2020","1,579.33","1,604.58","1,604.58","1,577.45","1.31B","-1.96%"
"Oct 29, 2020","1,610.93","1,595.01","1,614.81","1,594.92","1.01B","-0.10%"
"Oct 28, 2020","1,612.55","1,606.34","1,614.60","1,602.36","1.18B","-0.31%"
"Oct 27, 2020","1,617.53","1,608.77","1,617.53","1,596.76","945.34M","-0.09%"
"Oct 26, 2020","1,618.98","1,623.13","1,628.81","1,616.46","808.39M","-0.39%"
"Oct 23, 2020","1,625.32","1,625.65","1,628.47","1,614.97","967.67M","0.34%"
"Oct 22, 2020","1,619.79","1,627.92","1,628.27","1,617.26","863.17M","-1.09%"
"Oct 21, 2020","1,637.60","1,633.03","1,645.34","1,632.66","943.31M","0.73%"
"Oct 20, 2020","1,625.74","1,631.40","1,636.68","1,623.28","923.69M","-0.75%"
"Oct 19, 2020","1,637.98","1,626.79","1,641.35","1,626.79","862.59M","1.25%"
"Oct 16, 2020","1,617.69","1,627.64","1,628.01","1,615.60","917.58M","-0.86%"
"Oct 15, 2020","1,631.79","1,639.61","1,641.78","1,628.96","88.83K","-0.74%"
"Oct 14, 2020","1,643.90","1,641.65","1,645.44","1,637.83","96.74K","-0.32%"
"Oct 13, 2020","1,649.10","1,650.51","1,651.10","1,640.48","870.81M","0.35%"
"Oct 12, 2020","1,643.35","1,645.03","1,646.62","1,637.50","850.07M","-0.24%"
"Oct 09, 2020","1,647.38","1,656.90","1,657.39","1,643.12","1.01B","-0.49%"
"Oct 08, 2020","1,655.47","1,651.16","1,660.49","1,645.87","1.03B","0.55%"
"Oct 07, 2020","1,646.47","1,635.31","1,648.15","1,634.31","932.03M","0.04%"
"Oct 06, 2020","1,645.75","1,644.72","1,647.32","1,637.44","989.71M","0.52%"
"Oct 05, 2020","1,637.25","1,626.85","1,642.43","1,626.85","104.65K","1.74%"
"Oct 02, 2020","1,609.22","1,633.02","1,638.80","1,603.32","1.48B","-1.00%"
"Oct 01, 2020","1,625.49","1,625.49","1,625.49","1,625.49","-","0.00%"
"Sep 30, 2020","1,625.49","1,650.32","1,654.18","1,625.49","1.44B","-1.97%"
"Sep 29, 2020","1,658.10","1,650.71","1,665.90","1,645.48","1.14B","-0.23%"
"Sep 28, 2020","1,661.93","1,646.28","1,661.93","1,641.15","1.46B","1.69%"
"Sep 25, 2020","1,634.23","1,634.72","1,636.77","1,629.34","1.27B","0.48%"
"Sep 24, 2020","1,626.44","1,634.61","1,636.48","1,624.50","1.25B","-1.08%"
"Sep 23, 2020","1,644.25","1,638.82","1,646.62","1,632.80","1.52B","-0.13%"
"Sep 18, 2020","1,646.42","1,638.89","1,647.78","1,638.60","1.50B","0.49%"
"Sep 17, 2020","1,638.40","1,642.48","1,645.36","1,634.21","1.11B","-0.36%"
"Sep 16, 2020","1,644.35","1,639.02","1,647.68","1,637.56","1.17B","0.21%"
"Sep 15, 2020","1,640.84","1,643.68","1,644.50","1,635.12","1.17B","-0.62%"
"Sep 14, 2020","1,651.10","1,641.13","1,652.20","1,640.53","1.18B","0.88%"
"Sep 11, 2020","1,636.64","1,619.89","1,636.64","1,619.43","1.30B","0.72%"
"Sep 10, 2020","1,624.86","1,615.05","1,625.30","1,614.48","1.15B","1.21%"
"Sep 09, 2020","1,605.40","1,598.12","1,607.66","1,593.89","1.36B","-0.96%"
"Sep 08, 2020","1,620.89","1,614.41","1,620.89","1,609.28","1.07B","0.69%"
"Sep 07, 2020","1,609.74","1,613.18","1,619.10","1,607.43","1.06B","-0.42%"
"Sep 04, 2020","1,616.60","1,611.33","1,619.66","1,610.39","1.07B","-0.90%"
"Sep 03, 2020","1,631.24","1,639.40","1,639.59","1,628.43","1.02B","0.48%"
"Sep 02, 2020","1,623.40","1,622.62","1,623.46","1,616.72","976.48M","0.47%"
"Sep 01, 2020","1,615.81","1,613.64","1,618.54","1,606.84","1.03B","-0.15%"
"Aug 31, 2020","1,618.18","1,621.93","1,635.64","1,617.66","1.34B","0.83%"
"Aug 28, 2020","1,604.87","1,621.39","1,636.57","1,590.83","1.67B","-0.68%"
"Aug 27, 2020","1,615.89","1,623.80","1,624.77","1,614.13","923.62M","-0.53%"
"Aug 26, 2020","1,624.48","1,619.38","1,624.48","1,616.73","859.98M","-0.05%"
"Aug 25, 2020","1,625.23","1,625.41","1,633.91","1,624.11","1.21B","1.13%"
"Aug 24, 2020","1,607.13","1,604.16","1,608.13","1,600.03","776.14M","0.19%"
"Aug 21, 2020","1,604.06","1,608.91","1,615.99","1,602.43","910.28M","0.30%"
"Aug 20, 2020","1,599.20","1,605.76","1,612.56","1,598.35","945.67M","-0.90%"
"Aug 19, 2020","1,613.73","1,604.98","1,616.15","1,603.01","915.33M","0.18%"
"Aug 18, 2020","1,610.85","1,607.87","1,612.89","1,599.80","974.25M","0.06%"
"Aug 17, 2020","1,609.82","1,618.57","1,624.41","1,609.82","819.22M","-0.84%"
"Aug 14, 2020","1,623.38","1,624.61","1,627.86","1,619.16","1.06B","-0.05%"
"Aug 13, 2020","1,624.15","1,619.96","1,628.67","1,614.28","1.41B","1.16%"
"Aug 12, 2020","1,605.53","1,588.80","1,607.92","1,586.21","1.49B","1.23%"
"Aug 11, 2020","1,585.96","1,561.16","1,586.02","1,560.17","1.63B","2.54%"
"Aug 07, 2020","1,546.74","1,549.96","1,553.41","1,540.23","1.19B","-0.20%"
"Aug 06, 2020","1,549.88","1,552.88","1,559.44","1,545.56","1.08B","-0.31%"
"Aug 05, 2020","1,554.71","1,548.57","1,555.75","1,540.17","1.20B","-0.04%"
"Aug 04, 2020","1,555.26","1,537.84","1,555.62","1,537.78","1.40B","2.14%"
"Aug 03, 2020","1,522.64","1,510.23","1,523.04","1,508.13","1.32B","1.78%"
"Jul 31, 2020","1,496.06","1,531.82","1,533.45","1,496.06","1.68B","-2.82%"
"Jul 30, 2020","1,539.47","1,554.13","1,554.55","1,538.77","1.30B","-0.62%"
"Jul 29, 2020","1,549.04","1,560.67","1,562.04","1,548.33","1.19B","-1.28%"
"Jul 28, 2020","1,569.12","1,575.74","1,583.76","1,566.93","1.09B","-0.48%"
"Jul 27, 2020","1,576.69","1,556.81","1,576.69","1,552.22","1.16B","0.24%"
"Jul 22, 2020","1,572.96","1,578.10","1,582.77","1,572.96","1.09B","-0.62%"
"Jul 21, 2020","1,582.74","1,579.83","1,584.50","1,577.49","115.17K","0.36%"
"Jul 20, 2020","1,577.03","1,577.61","1,578.38","1,566.18","91.89K","0.20%"
"Jul 17, 2020","1,573.85","1,581.00","1,583.20","1,570.38","999.71M","-0.33%"
"Jul 16, 2020","1,579.06","1,588.60","1,590.18","1,577.09","1.48B","-0.66%"
"Jul 15, 2020","1,589.51","1,579.10","1,590.62","1,578.15","1.25B","1.56%"
"Jul 14, 2020","1,565.15","1,564.43","1,569.79","1,559.70","1.10B","-0.50%"
"Jul 13, 2020","1,573.02","1,557.17","1,573.02","1,554.26","1.22B","2.46%"
"Jul 10, 2020","1,535.20","1,553.52","1,554.49","1,535.20","1.34B","-1.42%"
"Jul 09, 2020","1,557.24","1,554.17","1,568.35","1,550.55","117.58K","0.00%"
"Jul 08, 2020","1,557.23","1,565.26","1,579.84","1,557.23","1.16B","-0.92%"
"Jul 07, 2020","1,571.71","1,574.20","1,578.34","1,565.69","1.09B","-0.34%"
"Jul 06, 2020","1,577.15","1,555.14","1,577.15","1,554.97","1.03B","1.60%"
"Jul 03, 2020","1,552.33","1,550.38","1,552.75","1,539.67","982.46M","0.62%"
"Jul 02, 2020","1,542.76","1,543.62","1,551.36","1,536.11","1.36B","0.27%"
"Jul 01, 2020","1,538.61","1,562.30","1,563.10","1,533.94","1.18B","-1.29%"
"Jun 30, 2020","1,558.77","1,570.28","1,573.90","1,558.19","124.08K","0.62%"
"Jun 29, 2020","1,549.22","1,560.19","1,562.06","1,547.80","1.25B","-1.78%"
"Jun 26, 2020","1,577.37","1,571.41","1,582.17","1,570.15","1.14B","0.99%"
"Jun 25, 2020","1,561.85","1,564.96","1,572.25","1,556.36","1.31B","-1.18%"
"Jun 24, 2020","1,580.50","1,583.31","1,586.57","1,577.23","1.17B","-0.42%"
"Jun 23, 2020","1,587.14","1,588.99","1,597.23","1,569.75","1.19B","0.51%"
"Jun 22, 2020","1,579.09","1,577.00","1,587.10","1,574.57","936.21M","-0.23%"
"Jun 19, 2020","1,582.80","1,588.64","1,588.64","1,574.93","1.56B","-0.02%"
"Jun 18, 2020","1,583.09","1,581.18","1,586.31","1,566.56","1.11B","-0.25%"
"Jun 17, 2020","1,587.09","1,591.67","1,593.43","1,579.45","1.18B","-0.40%"
"Jun 16, 2020","1,593.45","1,555.04","1,597.58","1,554.35","1.55B","4.09%"
"Jun 15, 2020","1,530.78","1,562.32","1,573.72","1,530.78","1.36B","-2.54%"
"Jun 12, 2020","1,570.68","1,560.74","1,574.57","1,540.98","1.90B","-1.15%"
"Jun 11, 2020","1,588.92","1,609.01","1,614.88","1,588.22","1.68B","-2.20%"
"Jun 10, 2020","1,624.71","1,618.53","1,629.35","1,616.04","1.26B","-0.23%"
"Jun 09, 2020","1,628.43","1,629.78","1,633.40","1,617.74","1.52B","-0.14%"
"Jun 08, 2020","1,630.72","1,628.61","1,630.72","1,619.17","1.70B","1.13%"
"Jun 05, 2020","1,612.48","1,599.56","1,612.48","1,596.38","1.39B","0.54%"
"Jun 04, 2020","1,603.82","1,614.49","1,615.00","1,590.22","1.52B","0.30%"
"Jun 03, 2020","1,599.08","1,606.29","1,611.40","1,588.88","1.55B","0.72%"
"Jun 02, 2020","1,587.68","1,576.77","1,592.79","1,573.77","1.34B","1.21%"
"Jun 01, 2020","1,568.75","1,563.81","1,573.47","1,561.34","1.20B","0.32%"
"May 29, 2020","1,563.67","1,566.67","1,576.27","1,561.37","2.38B","-0.87%"
"May 28, 2020","1,577.34","1,562.08","1,578.50","1,555.31","2.09B","1.80%"
"May 27, 2020","1,549.47","1,535.42","1,550.96","1,529.64","1.76B","0.96%"
"May 26, 2020","1,534.73","1,513.49","1,537.48","1,512.15","1.47B","2.17%"
"May 25, 2020","1,502.20","1,495.09","1,502.20","1,491.21","1.00B","1.65%"
"May 22, 2020","1,477.80","1,492.21","1,495.23","1,474.20","1.23B","-0.90%"
"May 21, 2020","1,491.21","1,499.65","1,501.43","1,487.74","1.15B","-0.23%"
"May 20, 2020","1,494.69","1,483.35","1,498.76","1,483.19","1.21B","0.58%"
"May 19, 2020","1,486.05","1,480.63","1,491.09","1,479.83","1.59B","1.83%"
"May 18, 2020","1,459.29","1,457.78","1,463.07","1,450.35","1.21B","0.38%"
"May 15, 2020","1,453.77","1,459.33","1,461.90","1,441.00","1.29B","0.50%"
"May 14, 2020","1,446.55","1,464.99","1,467.42","1,446.55","1.33B","-1.91%"
"May 13, 2020","1,474.69","1,462.78","1,477.97","1,459.48","1.32B","-0.14%"
"May 12, 2020","1,476.72","1,480.47","1,482.98","1,474.30","1.24B","-0.26%"
"May 11, 2020","1,480.62","1,468.83","1,484.81","1,466.95","1.31B","1.53%"
"May 08, 2020","1,458.28","1,442.80","1,458.28","1,441.31","1.37B","2.21%"
"May 07, 2020","1,426.73","1,419.92","1,427.81","1,418.88","1.35B","-0.32%"
"May 01, 2020","1,431.26","1,452.46","1,453.93","1,424.93","1.36B","-2.24%"
"Apr 30, 2020","1,464.03","1,470.57","1,478.84","1,464.02","1.72B","1.03%"
"Apr 28, 2020","1,449.15","1,446.06","1,450.18","1,438.54","1.23B","0.13%"
"Apr 27, 2020","1,447.25","1,428.44","1,449.29","1,427.24","1.25B","1.83%"
"Apr 24, 2020","1,421.29","1,419.64","1,422.47","1,410.58","1.33B","-0.33%"
"Apr 23, 2020","1,425.98","1,415.38","1,425.98","1,411.52","1.17B","1.36%"
"Apr 22, 2020","1,406.90","1,405.62","1,412.45","1,392.58","1.25B","-0.63%"
"Apr 21, 2020","1,415.89","1,420.33","1,427.35","1,410.40","1.28B","-1.15%"
"Apr 20, 2020","1,432.41","1,432.79","1,439.16","1,430.34","1.07B","-0.70%"
"Apr 17, 2020","1,442.54","1,438.37","1,456.04","1,431.53","1.41B","1.43%"
"Apr 16, 2020","1,422.24","1,416.83","1,424.65","1,407.92","1.30B","-0.82%"
"Apr 15, 2020","1,434.07","1,430.08","1,439.54","1,424.00","1.49B","0.04%"
"Apr 14, 2020","1,433.51","1,409.99","1,436.30","1,406.67","1.31B","1.96%"
"Apr 13, 2020","1,405.91","1,419.67","1,423.62","1,404.52","1.06B","-1.69%"
"Apr 10, 2020","1,430.04","1,417.05","1,431.40","1,399.82","1.37B","0.92%"
"Apr 09, 2020","1,416.98","1,424.40","1,424.40","1,400.28","1.37B","-0.60%"
"Apr 08, 2020","1,425.47","1,408.61","1,431.90","1,393.50","1.68B","1.59%"
"Apr 07, 2020","1,403.21","1,397.71","1,415.09","1,375.38","1.70B","1.96%"
"Apr 06, 2020","1,376.30","1,328.43","1,383.10","1,325.41","1.68B","3.86%"
"Apr 03, 2020","1,325.13","1,335.82","1,349.53","1,314.11","1.50B","-0.36%"
"Apr 02, 2020","1,329.87","1,339.19","1,347.34","1,326.74","1.64B","-1.57%"
"Apr 01, 2020","1,351.08","1,388.66","1,396.74","1,339.30","1.66B","-3.70%"
"Mar 31, 2020","1,403.04","1,436.40","1,440.38","1,399.06","1.86B","-2.26%"
"Mar 30, 2020","1,435.54","1,418.07","1,435.54","1,392.23","1.92B","-1.64%"
"Mar 27, 2020","1,459.49","1,424.92","1,459.49","1,417.45","2.37B","4.30%"
"Mar 26, 2020","1,399.32","1,404.80","1,411.65","1,381.01","2.05B","-1.78%"
"Mar 25, 2020","1,424.62","1,357.12","1,424.62","1,356.75","2.28B","6.87%"
"Mar 24, 2020","1,333.10","1,311.83","1,336.27","1,308.36","2.26B","3.18%"
"Mar 23, 2020","1,292.01","1,278.86","1,296.98","1,261.62","2.70B","0.68%"
"Mar 19, 2020","1,283.22","1,289.80","1,313.07","1,272.98","3.02B","0.97%"
"Mar 18, 2020","1,270.84","1,279.27","1,313.83","1,269.38","2.72B","0.19%"
"Mar 17, 2020","1,268.46","1,216.92","1,280.63","1,199.25","3.07B","2.60%"
"Mar 16, 2020","1,236.34","1,268.39","1,288.47","1,231.67","2.35B","-2.01%"
"Mar 13, 2020","1,261.70","1,300.31","1,304.23","1,202.94","3.46B","-4.98%"
"Mar 12, 2020","1,327.88","1,360.61","1,363.48","1,313.15","2.58B","-4.13%"
"Mar 11, 2020","1,385.12","1,403.11","1,422.01","1,384.23","2.00B","-1.53%"
"Mar 10, 2020","1,406.68","1,371.74","1,414.85","1,330.99","2.57B","1.28%"
"Mar 09, 2020","1,388.97","1,442.62","1,443.16","1,378.43","2.52B","-5.61%"
"Mar 06, 2020","1,471.46","1,492.34","1,493.57","1,464.55","1.75B","-2.92%"
"Mar 05, 2020","1,515.71","1,522.23","1,522.23","1,508.27","1.38B","0.88%"
"Mar 04, 2020","1,502.50","1,488.93","1,513.64","1,485.11","1.51B","-0.17%"
"Mar 03, 2020","1,505.12","1,547.29","1,551.99","1,505.12","1.76B","-1.36%"
"Mar 02, 2020","1,525.87","1,488.96","1,541.67","1,488.89","2.04B","0.99%"
"Feb 28, 2020","1,510.87","1,537.61","1,538.54","1,500.87","2.42B","-3.65%"
"Feb 27, 2020","1,568.06","1,594.22","1,595.23","1,561.25","1.81B","-2.37%"
"Feb 26, 2020","1,606.17","1,602.49","1,608.86","1,587.35","1.68B","-0.75%"
"Feb 25, 2020","1,618.26","1,641.63","1,641.66","1,603.12","1.78B","-3.33%"
"Feb 21, 2020","1,674.00","1,673.01","1,684.50","1,672.95","1.16B","-0.03%"
"Feb 20, 2020","1,674.48","1,686.25","1,692.55","1,672.38","1.17B","0.16%"
"Feb 19, 2020","1,671.86","1,674.38","1,678.02","1,667.91","1.13B","0.37%"
"Feb 18, 2020","1,665.71","1,678.87","1,680.43","1,661.67","1.15B","-1.31%"
"Feb 17, 2020","1,687.77","1,688.24","1,690.16","1,676.70","1.17B","-0.89%"
"Feb 14, 2020","1,702.87","1,704.04","1,704.70","1,698.36","1.35B","-0.60%"
"Feb 13, 2020","1,713.08","1,715.60","1,717.10","1,708.98","1.24B","-0.34%"
"Feb 12, 2020","1,718.92","1,721.26","1,721.92","1,710.68","1.40B","-0.04%"
"Feb 10, 2020","1,719.64","1,717.67","1,726.08","1,716.37","1.16B","-0.72%"
"Feb 07, 2020","1,732.14","1,739.28","1,740.09","1,728.35","1.26B","-0.28%"
"Feb 06, 2020","1,736.98","1,722.95","1,744.43","1,722.28","1.65B","2.07%"
"Feb 05, 2020","1,701.83","1,701.79","1,706.69","1,696.03","1.33B","1.04%"
"Feb 04, 2020","1,684.24","1,667.25","1,685.96","1,666.59","1.28B","0.69%"
"Feb 03, 2020","1,672.66","1,660.66","1,677.23","1,656.33","1.36B","-0.70%"
"Jan 31, 2020","1,684.44","1,684.52","1,699.19","1,683.34","1.38B","0.58%"
"Jan 30, 2020","1,674.77","1,693.65","1,695.79","1,667.30","1.37B","-1.48%"
"Jan 29, 2020","1,699.95","1,695.65","1,700.30","1,689.76","1.03B","0.45%"
"Jan 28, 2020","1,692.28","1,687.53","1,695.72","1,684.75","1.17B","-0.60%"
"Jan 27, 2020","1,702.57","1,702.98","1,708.95","1,697.17","1.18B","-1.61%"
"Jan 24, 2020","1,730.44","1,733.72","1,733.95","1,726.32","965.45M","-0.00%"
"Jan 23, 2020","1,730.50","1,733.71","1,736.92","1,729.20","1.05B","-0.78%"
"Jan 22, 2020","1,744.13","1,732.48","1,744.82","1,732.26","1.00B","0.53%"
"Jan 21, 2020","1,734.97","1,743.78","1,744.46","1,732.15","912.59M","-0.53%"
"Jan 20, 2020","1,744.16","1,741.04","1,745.95","1,740.78","821.12M","0.50%"
"Jan 17, 2020","1,735.44","1,737.23","1,737.66","1,732.88","1.08B","0.39%"
"Jan 16, 2020","1,728.72","1,733.27","1,733.87","1,726.71","1.03B","-0.14%"
"Jan 15, 2020","1,731.06","1,733.79","1,738.45","1,727.37","1.12B","-0.54%"
"Jan 14, 2020","1,740.53","1,740.91","1,742.05","1,734.83","1.23B","0.31%"
"Jan 10, 2020","1,735.16","1,734.22","1,739.38","1,731.27","1.09B","0.35%"
"Jan 09, 2020","1,729.05","1,722.19","1,731.67","1,721.04","1.15B","1.63%"
"Jan 08, 2020","1,701.40","1,701.87","1,706.52","1,683.76","1.45B","-1.37%"
"Jan 07, 2020","1,725.05","1,705.54","1,726.28","1,705.23","1.16B","1.62%"
"Jan 06, 2020","1,697.49","1,699.60","1,703.87","1,690.29","1.22B","-1.39%"